<?xml version="1.0" encoding="UTF-8"?>
<!DOCTYPE properties SYSTEM "http://java.sun.com/dtd/properties.dtd">
<properties>
<comment>Saved on Fri Feb 28 19:46:37 UTC 2025</comment>
<entry key="db.username">ORDS_PUBLIC_USER_NODE_NUMBER</entry>
<entry key="db.wallet.zip.path">/opt/oracle/wallet.zip</entry>
<entry key="db.wallet.zip.service">DATABASE_NAME_HERE_LOW</entry>
<entry key="feature.sdw">true</entry>
<entry key="plsql.gateway.mode">proxied</entry>
<entry key="restEnabledSql.active">true</entry>
<entry key="security.requestValidationFunction">ords_util.authorize_plsql_gateway</entry>
</properties>
